state_abbr,year,robbery rate
AK,1995,155.13245033112582
AK,1996,116.9686985172982
AK,1997,106.4039408866995
AK,1998,86.64495114006515
AK,1999,91.36400322841001
AK,2000,78.15839676392336
AK,2001,81.11989646954848
AK,2002,76.22973053024091
AK,2003,68.79743320787314
AK,2004,67.9584343714605
AK,2005,80.96457912742197
AK,2006,89.54515538323088
AK,2007,85.00639376834367
AK,2008,93.98318211026486
AK,2009,93.63282474769963
AK,2010,83.17626927827082
AK,2011,79.57339817091703
AK,2012,86.26509125614297
AK,2013,84.50218986814674
AK,2014,85.34067073154186
AK,2015,103.15720697456585
AK,2016,114.57162343946709
AL,1995,185.7512344227604
AL,1996,166.721273110227
AL,1997,160.47696225978237
AL,1998,130.92830882352942
AL,1999,121.21664253928385
AL,2000,128.2183895122664
AL,2001,124.95211362407673
AL,2002,133.11316002872135
AL,2003,134.06677049181056
AL,2004,133.51379719912714
AL,2005,141.74442602741624
AL,2006,153.55411902075002
AL,2007,159.85821496845944
AL,2008,157.57523756408332
AL,2009,133.05135931130152
AL,2010,101.6424746849846
AL,2011,102.12984229412021
AL,2012,104.2028193712626
AL,2013,96.09027396795528
AL,2014,97.02024859220566
AL,2015,95.01686796631557
AL,2016,96.3543273086176
AR,1995,125.68438003220612
AR,1996,114.10358565737052
AR,1997,111.53388822829965
AR,1998,96.21749408983452
AR,1999,79.32983534747761
AR,2000,74.84850751851575
AR,2001,80.93671350184697
AR,2002,93.26496858404268
AR,2003,81.64166092938784
AR,2004,86.25454545454545
AR,2005,91.21996982391519
AR,2006,97.79883253310716
AR,2007,109.53165253102779
AR,2008,97.25466573742992
AR,2009,89.15191472425548
AR,2010,81.08603951001989
AR,2011,80.2087537458543
AR,2012,78.30965059657716
AR,2013,76.417018587147
AR,2014,68.65902552720323
AR,2015,71.09148772622423
AR,2016,70.94458023564309
AZ,1995,173.75533428165008
AZ,1996,167.77326106594398
AZ,1997,165.68605927552142
AZ,1998,165.23880916684516
AZ,1999,152.52184235000834
AZ,2000,146.2587844928266
AZ,2001,167.1011270846657
AZ,2002,147.02841783638493
AZ,2003,136.56025876009235
AZ,2004,134.5150307175465
AZ,2005,144.11204287177893
AZ,2006,153.9168106477804
AZ,2007,154.03655765209413
AZ,2008,150.90351344116624
AZ,2009,124.30679140504729
AZ,2010,108.41772493364424
AZ,2011,110.47861438634116
AZ,2012,112.69778782317422
AZ,2013,100.31654874900471
AZ,2014,92.51301461200339
AZ,2015,93.28843949415958
AZ,2016,101.78802092779024
CA,1995,331.16274652568933
CA,1996,295.57061296191733
CA,1997,252.4730383042023
CA,1998,210.55499433679248
CA,1999,181.13978223220244
CA,2000,177.87442760387685
CA,2001,186.74316583567105
CA,2002,185.61232496921747
CA,2003,179.82268248406947
CA,2004,172.33395042993928
CA,2005,175.97428035019053
CA,2006,195.13654085742297
CA,2007,193.43305369992763
CA,2008,188.77664258232778
CA,2009,173.40398960393125
CA,2010,155.6475757078582
CA,2011,144.06935709178762
CA,2012,148.7399512177381
CA,2013,139.57339511476985
CA,2014,125.49142818092389
CA,2015,135.56465440527427
CA,2016,139.58974845794333
CO,1995,96.18361355751267
CO,1996,98.22129217891708
CO,1997,83.27767788338042
CO,1998,81.54117350793251
CO,1999,75.34269709597787
CO,2000,70.53745401639193
CO,2001,80.23039551666682
CO,2002,79.51476221886844
CO,2003,82.19660645439068
CO,2004,81.2504441176656
CO,2005,84.66116769365867
CO,2006,80.4480688150761
CO,2007,71.19179926422113
CO,2008,68.91447155314269
CO,2009,67.0879415246297
CO,2010,62.682112933990425
CO,2011,64.48016555707619
CO,2012,65.36328071255225
CO,2013,59.48309644417788
CO,2014,56.70712534272614
CO,2015,60.83887168944316
CO,2016,63.6760463095237
CT,1995,163.206106870229
CT,1996,169.57849725106902
CT,1997,152.87461773700306
CT,1998,133.75076359193648
CT,1999,123.52107582164824
CT,2000,112.52171078807775
CT,2001,121.789948296775
CT,2002,117.6492018272202
CT,2003,120.79289696469131
CT,2004,119.69250344244557
CT,2005,112.34892668639796
CT,2006,127.25372481068155
CT,2007,122.86180345594863
CT,2008,115.47297937994752
CT,2009,113.72008203990123
CT,2010,99.37077296645111
CT,2011,102.85171648613482
CT,2012,103.26399416442891
CT,2013,98.6569485914227
CT,2014,88.23949958300439
CT,2015,81.59610347222804
CT,2016,75.57769543670655
DC,1995,1238.9891696750904
DC,1996,1186.7403314917126
DC,1997,850.8506616257089
DC,1998,689.4837476099426
DC,1999,644.3159922928709
DC,2000,621.2645898412576
DC,2001,658.74086389159
DC,2002,673.6278390672521
DC,2003,706.7537032387647
DC,2004,577.7291024269314
DC,2005,635.685311717742
DC,2006,658.4355063367324
DC,2007,724.9801119172112
DC,2008,748.5219648110193
DC,2009,734.4198433437782
DC,2010,714.9800301531462
DC,2011,661.3679687247585
DC,2012,637.3267953528978
DC,2013,628.8600871037465
DC,2014,529.9801768924399
DC,2015,558.7900539547151
DC,2016,510.8856819883436
DE,1995,198.744769874477
DE,1996,179.86206896551724
DE,1997,243.5792349726776
DE,1998,194.22043010752688
DE,1999,197.9993046137023
DE,2000,177.89688616641143
DE,2001,145.11692834161227
DE,2002,143.18594941342153
DE,2003,176.1256273176837
DE,2004,161.79377858949076
DE,2005,155.15461406774767
DE,2006,209.84772858287755
DE,2007,203.87065141472124
DE,2008,211.54700764638778
DE,2009,189.80434335605713
DE,2010,204.38056795348257
DE,2011,171.56001792681062
DE,2012,163.34933749739656
DE,2013,133.26272102373437
DE,2014,135.7952408629355
DE,2015,131.34535778899158
DE,2016,142.742354776197
FL,1995,299.9082309755753
FL,1996,289.1875
FL,1997,276.0952640917156
FL,1998,242.6790024135157
FL,1999,211.5576983602409
FL,2000,199.02545165681852
FL,2001,200.73497571966118
FL,2002,195.19280868977944
FL,2003,185.43834552970523
FL,2004,172.54103004642394
FL,2005,169.63460151908544
FL,2006,188.7629155028489
FL,2007,209.05425455132016
FL,2008,197.87934968469594
FL,2009,166.74426416399768
FL,2010,138.47091609132795
FL,2011,134.2712934137473
FL,2012,123.64427486739774
FL,2013,118.3654687928166
FL,2014,108.61784458409603
FL,2015,104.40646969406735
FL,2016,97.87779117260213
GA,1995,205.20761005415915
GA,1996,205.35835713314293
GA,1997,206.69249265295218
GA,1998,187.22847422140802
GA,1999,166.43041303298307
GA,2000,161.8527584535085
GA,2001,171.3365859763586
GA,2002,157.20964582768855
GA,2003,161.8517229376958
GA,2004,153.126289157737
GA,2005,153.7467124472204
GA,2006,165.64606718474624
GA,2007,181.15718064904792
GA,2008,183.85784303198596
GA,2009,148.85223239179624
GA,2010,127.38673808506185
GA,2011,125.00433122784705
GA,2012,126.08356530678888
GA,2013,127.1066165777484
GA,2014,126.63001731580809
GA,2015,122.99745534001124
GA,2016,118.3759536877965
HI,1995,130.8340353833193
HI,1996,135.6418918918919
HI,1997,118.19713563605728
HI,1998,102.68231349538978
HI,1999,88.06433082496201
HI,2000,92.69217531119561
HI,2001,93.07071418325965
HI,2002,97.52849887519818
HI,2003,93.53315902639028
HI,2004,74.79455267469757
HI,2005,78.61598174161495
HI,2006,88.99274833566447
HI,2007,87.42484735715153
HI,2008,84.22618262099459
HI,2009,79.52574858436446
HI,2010,78.11588877177618
HI,2011,72.12677477942921
HI,2012,80.93001172585947
HI,2013,66.28875922914831
HI,2014,67.0301220131286
HI,2015,84.03167637955495
HI,2016,69.58070276509793
IA,1995,53.02603800140746
IA,1996,45.09116409537167
IA,1997,55.85553997194951
IA,1998,50.87351502445842
IA,1999,36.627700508780016
IA,2000,36.59881817597778
IA,2001,39.359242447135316
IA,2002,39.818246225952365
IA,2003,38.443549505502425
IA,2004,39.283363089352044
IA,2005,38.88014394757891
IA,2006,43.89546240298315
IA,2007,44.443760236622865
IA,2008,41.59790578357432
IA,2009,39.92877318595039
IA,2010,33.178130497586714
IA,2011,26.89209904255642
IA,2012,31.284156070866093
IA,2013,30.300668652001832
IA,2014,33.671213942133754
IA,2015,33.632319313567564
IA,2016,36.62240608569962
ID,1995,23.98968185726569
ID,1996,20.269133725820016
ID,1997,19.58677685950413
ID,1998,21.480878763222133
ID,1999,17.815770552049212
ID,2000,17.23401081801271
ID,2001,18.552383981341602
ID,2002,17.868789478856755
ID,2003,17.922012181116198
ID,2004,17.27425204638961
ID,2005,18.609636293548125
ID,2006,20.048211174491037
ID,2007,16.206460975775677
ID,2008,15.684308341689547
ID,2009,16.43161053719075
ID,2010,13.557362921057958
ID,2011,11.870605350359654
ID,2012,15.229476243897242
ID,2013,13.64050933661863
ID,2014,12.417375517339671
ID,2015,11.555951375460726
ID,2016,12.654918782751286
IL,1995,330.84530853761623
IL,1996,279.4462733181396
IL,1997,278.4381304640215
IL,1998,248.45994188459943
IL,1999,217.38287997480288
IL,2000,206.4610280150408
IL,2001,199.1257826235898
IL,2002,201.121094777581
IL,2003,188.0451925107322
IL,2004,177.6429482152949
IL,2005,182.17173620592558
IL,2006,185.3339744404016
IL,2007,179.73089849576908
IL,2008,186.44252638226857
IL,2009,177.5544059061181
IL,2010,158.74499103720765
IL,2011,157.21142989382687
IL,2012,151.38101762858372
IL,2013,137.56586994878108
IL,2014,118.54351772047437
IL,2015,117.2672706938451
IL,2016,139.25669405842532
IN,1995,135.1714630363605
IN,1996,124.10546139359698
IN,1997,132.38403819918145
IN,1998,111.22224105780641
IN,1999,109.3068856438968
IN,2000,103.31412708032336
IN,2001,117.04424357280858
IN,2002,107.39148011349194
IN,2003,103.24907965405994
IN,2004,102.35223849147609
IN,2005,108.66548601272993
IN,2006,113.64500310444886
IN,2007,123.63503065029819
IN,2008,118.86854706880827
IN,2009,114.38378867069596
IN,2010,101.05348917253231
IN,2011,107.06909217471798
IN,2012,100.96696402541413
IN,2013,108.26831121675836
IN,2014,104.4881083014544
IN,2015,107.08072625563153
IN,2016,110.50718274073793
KS,1995,108.18713450292398
KS,1996,96.26749611197512
KS,1997,97.6878612716763
KS,1998,86.99125142639787
KS,1999,77.12735093359136
KS,2000,76.17862996007317
KS,2001,89.67016699819587
KS,2002,79.83718377192157
KS,2003,82.46519176184846
KS,2004,66.28386393956609
KS,2005,65.31614469545575
KS,2006,67.94316362616789
KS,2007,72.83869543086682
KS,2008,59.98999334078955
KS,2009,63.36148650446457
KS,2010,53.792342670513506
KS,2011,50.44617692533339
KS,2012,51.74329503243573
KS,2013,46.23936520499855
KS,2014,46.890498455300886
KS,2015,62.716717565944585
KS,2016,57.47622613369362
KY,1995,103.65284974093264
KY,1996,93.79505664263645
KY,1997,90.73694984646878
KY,1998,88.10975609756098
KY,1999,78.36751181887612
KY,2000,80.55878502705127
KY,2001,80.34278276530569
KY,2002,76.55589900978576
KY,2003,78.28683919072193
KY,2004,78.90222570430738
KY,2005,88.4339003328374
KY,2006,91.5342906472877
KY,2007,95.91005391050375
KY,2008,95.56724901007087
KY,2009,84.4205981623569
KY,2010,86.21595901567507
KY,2011,84.84446555314699
KY,2012,80.986727492334
KY,2013,73.80244900482614
KY,2014,75.76003083884234
KY,2015,74.89923972977512
KY,2016,75.93012715422718
LA,1995,268.5859051128512
LA,1996,276.62606297402897
LA,1997,239.13143382352942
LA,1998,198.0086976424811
LA,1999,173.62624041207354
LA,2000,168.53972811668714
LA,2001,175.91392923356645
LA,2002,159.1307968916436
LA,2003,155.95288033264606
LA,2004,145.6502950616695
LA,2005,118.40710167502675
LA,2006,138.25374880357333
LA,2007,147.11623300453462
LA,2008,141.49373491768833
LA,2009,136.9077459953928
LA,2010,116.53685981453985
LA,2011,114.43208242782254
LA,2012,118.5971551458519
LA,2013,119.6513326898933
LA,2014,123.14502719945622
LA,2015,119.10575374387444
LA,2016,119.10290054865084
MA,1995,150.42805400065853
MA,1996,127.67564018384766
MA,1997,109.12062765609676
MA,1998,96.59996746380348
MA,1999,96.04595436983182
MA,2000,91.58782737135691
MA,2001,101.16909986996114
MA,2002,111.63536703105048
MA,2003,124.77499304166419
MA,2004,116.80277529886621
MA,2005,121.81801535649994
MA,2006,125.5205490964773
MA,2007,108.85684805081743
MA,2008,108.91098708257522
MA,2009,113.24640138971398
MA,2010,105.20991185066019
MA,2011,102.43676293169536
MA,2012,98.64110033808842
MA,2013,99.94225558566161
MA,2014,89.96133897764128
MA,2015,77.62107472612998
MA,2016,78.76062919833424
MD,1995,423.1257437524792
MD,1996,393.217665615142
MD,1997,336.80800942285043
MD,1998,298.7147030185005
MD,1999,263.6690840844499
MD,2000,256.0188018999767
MD,2001,251.1103160573768
MD,2002,246.15977359979084
MD,2003,241.31443986277986
MD,2004,229.65721161764844
MD,2005,257.2277546206803
MD,2006,255.99535020131856
MD,2007,235.9770067478958
MD,2008,234.36181182289042
MD,2009,210.66841559876184
MD,2010,191.05788929600507
MD,2011,177.1020204905428
MD,2012,172.86708894744962
MD,2013,169.1942242938187
MD,2014,160.07441242733057
MD,2015,168.6576926073018
MD,2016,171.01455393856207
ME,1995,26.913779210314264
ME,1996,23.49155269509252
ME,1997,20.69243156199678
ME,1998,21.141479099678456
ME,1999,19.392836621336908
ME,2000,19.37371904028714
ME,2001,20.553224287060033
ME,2002,20.85112758264383
ME,2003,22.074465037942872
ME,2004,21.977437004984846
ME,2005,24.502738541366387
ME,2006,28.980594351886463
ME,2007,26.495455915433187
ME,2008,25.295186470341584
ME,2009,30.266229032671596
ME,2010,31.03861067562467
ME,2011,27.8500373341041
ME,2012,31.6145791384425
ME,2013,25.212575882327265
ME,2014,22.852744133460025
ME,2015,23.393079710226687
ME,2016,19.977784103241582
MI,1995,187.29709917268823
MI,1996,176.22472378569938
MI,1997,152.79312461632904
MI,1998,155.78078842823672
MI,1999,142.97771390770774
MI,2000,137.9692837228846
MI,2001,129.2889875204197
MI,2002,117.96016437356103
MI,2003,111.62064769730591
MI,2004,112.1909034712871
MI,2005,132.14751694241454
MI,2006,140.94198853901628
MI,2007,132.69694400874042
MI,2008,132.41468769387114
MI,2009,124.64734490723768
MI,2010,116.65316579905748
MI,2011,103.91016281486283
MI,2012,105.46906107643203
MI,2013,101.96810670392061
MI,2014,81.04832585843963
MI,2015,78.82864147638847
MI,2016,71.71419074766072
MN,1995,123.68763557483732
MN,1996,115.60755689136968
MN,1997,114.6606914212548
MN,1998,92.5079365079365
MN,1999,82.02268742927454
MN,2000,75.4754720977567
MN,2001,75.39319114019663
MN,2002,78.35151750590224
MN,2003,77.13008167969018
MN,2004,79.8580057945126
MN,2005,92.14434360711556
MN,2006,105.30082535642326
MN,2007,91.77275526630356
MN,2008,80.05144440274898
MN,2009,68.72109640815964
MN,2010,63.79623767902207
MN,2011,63.30298717165432
MN,2012,64.5953283914964
MN,2013,67.76022397391398
MN,2014,67.56304830840415
MN,2015,68.78330522842496
MN,2016,67.53681916074632
MO,1995,204.03831705484598
MO,1996,170.59152827019966
MO,1997,156.05331358756015
MO,1998,149.21860636146351
MO,1999,130.7344205862915
MO,2000,135.79470014625008
MO,2001,137.8494597333586
MO,2002,123.8900341896985
MO,2003,116.9043803997899
MO,2004,115.11351964013743
MO,2005,124.11812057292344
MO,2006,130.02521260243316
MO,2007,131.46400858054426
MO,2008,125.09293161501826
MO,2009,124.20710871504014
MO,2010,103.15700462747145
MO,2011,104.42697134823457
MO,2012,95.9744192153336
MO,2013,90.75393425583842
MO,2014,92.2189897567988
MO,2015,105.04913923232334
MO,2016,107.82865583456426
MS,1995,130.88616981831666
MS,1996,134.2415316642121
MS,1997,136.98279018674478
MS,1998,123.32848837209302
MS,1999,111.64410848874475
MS,2000,95.0202098108103
MS,2001,115.18557851379832
MS,2002,117.06705856457508
MS,2003,104.62798437795958
MS,2004,86.28749351895773
MS,2005,82.68878485650316
MS,2006,111.97234877376707
MS,2007,99.21936696262314
MS,2008,104.77714354162399
MS,2009,100.57601704067349
MS,2010,93.49941684915383
MS,2011,83.82992600732773
MS,2012,76.24437040633528
MS,2013,80.64284344059199
MS,2014,80.34226808394213
MS,2015,77.34019314977303
MS,2016,80.2013968493599
MT,1995,29.080459770114942
MT,1996,29.69283276450512
MT,1997,20.36405005688282
MT,1998,26.363636363636363
MT,1999,27.073593730707234
MT,2000,22.50067889979439
MT,2001,25.40364177772476
MT,2002,31.086193336350416
MT,2003,32.45632282932004
MT,2004,25.137012902947397
MT,2005,18.93580761219466
MT,2006,24.6656899194607
MT,2007,24.32503254647595
MT,2008,21.086579012651946
MT,2009,23.3848792140219
MT,2010,15.54051735795059
MT,2011,17.13998759104992
MT,2012,20.089627586042283
MT,2013,21.38217534566208
MT,2014,19.74098267093541
MT,2015,20.347397906931
MT,2016,25.51509803169244
NC,1995,179.23558026407227
NC,1996,163.88092311894033
NC,1997,172.6195286195286
NC,1998,160.7871720116618
NC,1999,157.9837059942445
NC,2000,156.4729809860792
NC,2001,162.123199739706
NC,2002,146.9451541208454
NC,2003,145.21700614758723
NC,2004,137.95496921246
NC,2005,145.69108945917185
NC,2006,152.06901593800262
NC,2007,149.36488470628953
NC,2008,155.30640892937575
NC,2009,126.05421834445453
NC,2010,100.62515206217756
NC,2011,97.89554623963707
NC,2012,96.34437121962208
NC,2013,94.17279077486387
NC,2014,84.61441189362145
NC,2015,87.90071255281168
NC,2016,92.0094122396171
ND,1995,9.98439937597504
ND,1996,11.024844720496894
ND,1997,6.396255850234009
ND,1998,10.18808777429467
ND,1999,8.837463269293288
ND,2000,8.720024914356898
ND,2001,9.4258110124892
ND,2002,9.149549384692804
ND,2003,8.367540258920114
ND,2004,6.757733676144257
ND,2005,8.509230151038835
ND,2006,11.794919377794413
ND,2007,11.723970830760573
ND,2008,11.379916162754625
ND,2009,16.541855532400394
ND,2010,13.340665758513198
ND,2011,13.289715804538949
ND,2012,18.108063791714493
ND,2013,22.241962155508617
ND,2014,23.64737041241014
ND,2015,21.008542152516732
ND,2016,23.880140167187367
NE,1995,65.18020769700672
NE,1996,63.68038740920097
NE,1997,66.20398310199155
NE,1998,77.57065544197233
NE,1999,75.86907302878463
NE,2000,67.02651784091633
NE,2001,65.57990836254294
NE,2002,78.66568185028167
NE,2003,67.05132447948891
NE,2004,65.11400099788065
NE,2005,59.152649669001114
NE,2006,64.24136657673252
NE,2007,62.832087304480915
NE,2008,72.72494830192572
NE,2009,67.905326616272
NE,2010,55.73341070442113
NE,2011,53.901947309625164
NE,2012,60.79715417576199
NE,2013,55.37812558688774
NE,2014,55.444030207437144
NE,2015,52.48803309808767
NE,2016,49.60369479360458
NH,1995,27.35191637630662
NH,1996,27.280550774526677
NH,1997,23.358908780903665
NH,1998,21.518987341772153
NH,1999,21.39644702422877
NH,2000,36.656832169971175
NH,2001,35.33543651968978
NH,2002,32.407280260199855
NH,2003,37.24669338599602
NH,2004,38.4861399864067
NH,2005,27.930417295738735
NH,2006,33.08248947634602
NH,2007,34.274996428104586
NH,2008,31.995525186406233
NH,2009,34.275144857784575
NH,2010,34.173572892610686
NH,2011,38.624775858680366
NH,2012,35.63816143406146
NH,2013,48.766989058048594
NH,2014,40.963978807165084
NH,2015,35.71130529707671
NH,2016,31.989931038099485
NJ,1995,283.020767778477
NJ,1996,235.828743114672
NJ,1997,210.5674903762573
NJ,1998,186.1860751694393
NJ,1999,174.9021171960844
NJ,2000,161.0700767141847
NJ,2001,165.78319458928772
NJ,2002,162.73574234319878
NJ,2003,154.37819904906178
NJ,2004,150.55555645107992
NJ,2005,151.84157460229918
NJ,2006,153.1309315312176
NJ,2007,144.68242857406008
NJ,2008,146.28004018583704
NJ,2009,133.6627108368774
NJ,2010,134.30166599750692
NJ,2011,138.19257155786573
NJ,2012,128.38658378806167
NJ,2013,135.60003689613714
NJ,2014,117.45366626825572
NJ,2015,108.88127151479488
NJ,2016,100.44196027735128
NM,1995,154.540059347181
NM,1996,162.405137186223
NM,1997,171.4450867052023
NM,1998,163.4427173287277
NM,1999,148.23168054147382
NM,2000,137.37970342696116
NM,2001,147.1925546237305
NM,2002,119.11164097613232
NM,2003,103.11078367389524
NM,2004,108.3548869525372
NM,2005,98.28736983932896
NM,2006,107.18311019293472
NM,2007,117.92386981164162
NM,2008,108.39788828214292
NM,2009,96.13513853760143
NM,2010,78.22207421125671
NM,2011,82.74505766657013
NM,2012,88.64720619714524
NM,2013,87.78592118913505
NM,2014,100.02076174009274
NM,2015,119.45231713460569
NM,2016,131.5223580800715
NV,1995,324.57516339869284
NV,1996,307.61072988147225
NV,1997,302.38521168753726
NV,1998,254.89410417859187
NV,1999,232.63744760959358
NV,2000,227.3481338986927
NV,2001,235.11218359725456
NV,2002,236.12946981598233
NV,2003,233.02933226058076
NV,2004,210.25351301257064
NV,2005,194.91763258399345
NV,2006,282.02437238757796
NV,2007,270.44705232982847
NV,2008,249.44551638413995
NV,2009,228.06682342792607
NV,2010,195.91144861687923
NV,2011,158.3807225513855
NV,2012,178.55366448902356
NV,2013,185.67118539391453
NV,2014,209.77486020587813
NV,2015,218.0141329473555
NV,2016,215.64200434141094
NY,1995,399.7132774591972
NY,1996,339.96150673632116
NY,1997,309.2793736560622
NY,1998,270.2888583218707
NY,1999,240.81970033854125
NY,2000,213.62786530699591
NY,2001,191.54438060505075
NY,2002,191.556594225875
NY,2003,186.2856979272528
NY,2004,173.77975425926627
NY,2005,182.12625870916236
NY,2006,178.4868609191159
NY,2007,161.08113032367694
NY,2008,163.0914090226537
NY,2009,144.006691825833
NY,2010,147.61379693518077
NY,2011,145.65459600886408
NY,2012,146.26490176171228
NY,2013,138.30951762010756
NY,2014,121.7083033358182
NY,2015,120.92357679573841
NY,2016,113.01936375810959
OH,1995,178.7373329746211
OH,1996,164.1099078134789
OH,1997,158.7251922045414
OH,1998,133.4641805691855
OH,1999,127.96875519137392
OH,2000,137.49500138287735
OH,2001,151.00372834078956
OH,2002,156.64362781417933
OH,2003,147.7135223227088
OH,2004,152.21643956761065
OH,2005,162.78888313993454
OH,2006,169.1757261670712
OH,2007,160.03429692566885
OH,2008,162.86040897064316
OH,2009,153.08449666432608
OH,2010,142.88477832491822
OH,2011,138.55809982612436
OH,2012,133.26372966540123
OH,2013,125.15549379731516
OH,2014,110.20093303456636
OH,2015,108.71953599670489
OH,2016,107.82329790854831
OK,1995,115.55826723611959
OK,1996,106.60405937594668
OK,1997,103.88905637624359
OK,1998,91.96295189722139
OK,1999,82.93518488739278
OK,2000,75.78273567851195
OK,2001,79.14509463257336
OK,2002,84.99297933919821
OK,2003,91.9443462925239
OK,2004,87.69574740900218
OK,2005,91.15430702689645
OK,2006,87.8685028995209
OK,2007,93.77118283279647
OK,2008,101.52755314478713
OK,2009,91.07552108053864
OK,2010,88.95841267342236
OK,2011,86.88843477408346
OK,2012,85.12021133293848
OK,2013,78.45594139603303
OK,2014,79.20899265647836
OK,2015,77.23778437606049
OK,2016,80.59005581919078
OR,1995,137.9178605539637
OR,1996,122.15980024968789
OR,1997,117.51464693185322
OR,1998,105.17976843388178
OR,1999,86.18417600630127
OR,2000,84.40991535918494
OR,2001,79.14342002642337
OR,2002,77.8898719021235
OR,2003,79.87475907112977
OR,2004,76.60044389831938
OR,2005,68.09804469573118
OR,2006,73.25526284074776
OR,2007,76.42520056945314
OR,2008,70.07804625784289
OR,2009,65.32211329975479
OR,2010,63.07427288728542
OR,2011,57.83008193155059
OR,2012,62.02880608523358
OR,2013,60.94599176999991
OR,2014,57.161534467398035
OR,2015,53.74401746842073
OR,2016,55.64967576368675
PA,1995,189.34724983432736
PA,1996,188.98473788984737
PA,1997,156.30615640599
PA,1998,164.87792683943005
PA,1999,155.66095626352342
PA,2000,147.82933126098135
PA,2001,142.24052726856573
PA,2002,139.21032390186025
PA,2003,145.34271577957088
PA,2004,149.05033058692058
PA,2005,154.88481258244428
PA,2006,169.56549034007224
PA,2007,156.36069516806845
PA,2008,151.61131912290847
PA,2009,138.8680964907959
PA,2010,128.75733562976137
PA,2011,126.84452259221396
PA,2012,123.27181493950985
PA,2013,115.31694438498256
PA,2014,105.87186713655173
PA,2015,101.35316837899971
PA,2016,96.41568473400855
RI,1995,92.32323232323232
RI,1996,83.23232323232324
RI,1997,71.63120567375887
RI,1998,66.70040485829959
RI,1999,79.53016645825322
RI,2000,87.95032809669576
RI,2001,93.04880154842266
RI,2002,85.7416181951951
RI,2003,77.13152504823043
RI,2004,67.6904499979628
RI,2005,72.28159269136226
RI,2006,69.31370069594702
RI,2007,71.8450566819684
RI,2008,83.74667392471174
RI,2009,74.53411431159438
RI,2010,74.29731085538818
RI,2011,70.81357564774434
RI,2012,68.07552860885991
RI,2013,64.84049996487411
RI,2014,50.24139568701317
RI,2015,51.81852716020261
RI,2016,51.11574308091622
SC,1995,175.90525456030494
SC,1996,171.9653960529873
SC,1997,176.17021276595744
SC,1998,154.92700729927006
SC,1999,148.23446574857377
SC,2000,155.03443160189948
SC,2001,147.38591254577346
SC,2002,140.69989302519392
SC,2003,139.8254507870334
SC,2004,130.25585222297286
SC,2005,133.20200718965899
SC,2006,136.58088205516506
SC,2007,144.15652212975039
SC,2008,147.21639358899952
SC,2009,126.12792743730765
SC,2010,108.19248039617813
SC,2011,99.09384021904638
SC,2012,95.50289546741269
SC,2013,83.09008788689019
SC,2014,83.20287586246883
SC,2015,80.69732293270823
SC,2016,81.33245745566676
SD,1995,25.925925925925927
SD,1996,18.852459016393443
SD,1997,23.306233062330623
SD,1998,20.18970189701897
SD,1999,14.049292556739363
SD,2000,17.35457922431655
SD,2001,13.582584752691462
SD,2002,15.38588995538092
SD,2003,13.596459691072747
SD,2004,14.533733184016526
SD,2005,18.712502403588672
SD,2006,20.206696601566147
SD,2007,14.820136295016164
SD,2008,16.66264607793642
SD,2009,14.402073898641405
SD,2010,18.858728529827406
SD,2011,20.277005754055704
SD,2012,18.823879229827575
SD,2013,18.45040271552081
SD,2014,23.321114163299363
SD,2015,25.060640922977576
SD,2016,31.42859123650708
TN,1995,223.21156773211567
TN,1996,223.7218045112782
TN,1997,213.9903129657228
TN,1998,177.99668569324248
TN,1999,156.79666492508937
TN,2000,166.36542777007224
TN,2001,177.7403477720624
TN,2002,162.579130594584
TN,2003,161.0378963417555
TN,2004,150.39117315974858
TN,2005,168.05622134594412
TN,2006,184.52332357919278
TN,2007,179.20259151018587
TN,2008,173.84062271114138
TN,2009,153.31338284637184
TN,2010,131.51528383455218
TN,2011,126.28545293773058
TN,2012,126.2758884161741
TN,2013,112.8628043567228
TN,2014,110.9994702020334
TN,2015,113.70638854317538
TN,2016,117.46763062391504
TX,1995,179.80666524246956
TX,1996,171.49728147218738
TX,1997,157.01424970420288
TX,1998,145.1265182186235
TX,1999,146.701223065633
TX,2000,145.10483976938224
TX,2001,165.40184417347578
TX,2002,172.8855392379557
TX,2003,167.47216963346864
TX,2004,159.3882112888613
TX,2005,156.0938897550595
TX,2006,158.4836817661623
TX,2007,162.2213167628694
TX,2008,155.13232348585566
TX,2009,153.42400395249803
TX,2010,130.05343504135234
TX,2011,111.65827044850342
TX,2012,116.59275487978188
TX,2013,120.0122072146389
TX,2014,114.98169062708519
TX,2015,116.38505340883269
TX,2016,119.57607970197752
UT,1995,67.09379805228089
UT,1996,68.85
UT,1997,68.38271005342399
UT,1998,65.95238095238095
UT,1999,54.37038344736402
UT,2000,55.6160326424019
UT,2001,52.52967465831575
UT,2002,49.163593582684754
UT,2003,53.483688537867344
UT,2004,51.059442113629565
UT,2005,43.97000562976693
UT,2006,48.70467906087026
UT,2007,53.86851545931888
UT,2008,51.929087012831346
UT,2009,46.82945888991198
UT,2010,45.721837563894375
UT,2011,38.339266622061885
UT,2012,38.705776898500844
UT,2013,42.95871519336417
UT,2014,44.591641767119555
UT,2015,44.43876745784837
UT,2016,50.5044380652048
VA,1995,131.73164097914778
VA,1996,122.56179775280899
VA,1997,124.50252450252451
VA,1998,105.59564128994258
VA,1999,101.07797102596396
VA,2000,88.93108229621609
VA,2001,95.3208045298225
VA,2002,95.51541343793879
VA,2003,91.14380382345067
VA,2004,92.21619893355889
VA,2005,99.08350075294207
VA,2006,101.78095075105156
VA,2007,99.79135360306303
VA,2008,96.15026935590518
VA,2009,80.45578927738218
VA,2010,70.76312635430442
VA,2011,66.93907889853196
VA,2012,57.63056535609044
VA,2013,55.30603620526109
VA,2014,51.56039230085909
VA,2015,53.28895893164899
VA,2016,57.09830752199765
VT,1995,10.94017094017094
VT,1996,15.449915110356537
VT,1997,13.412563667232597
VT,1998,9.475465313028765
VT,1999,10.947552800889278
VT,2000,19.2172817565581
VT,2001,17.45576513349582
VT,2002,12.4917262592309
VT,2003,10.010608015267792
VT,2004,12.555675567782137
VT,2005,12.211051966059703
VT,2006,18.271924706847805
VT,2007,12.716215911688295
VT,2008,14.969337003235308
VT,2009,17.852547606793618
VT,2010,12.142340180441566
VT,2011,15.799754864409376
VT,2012,18.212229991708643
VT,2013,11.964489395474233
VT,2014,11.487522476454568
VT,2015,16.77080538199103
VT,2016,16.971024377435583
WA,1995,132.73798563800406
WA,1996,119.04934032170613
WA,1997,120.03565062388591
WA,1998,115.60907013534892
WA,1999,100.89707716385404
WA,2000,98.60673033349671
WA,2001,99.00907499762238
WA,2002,95.5487501359802
WA,2003,93.2592087352466
WA,2004,94.50550229529473
WA,2005,91.99130500982295
WA,2006,100.44094575844953
WA,2007,93.9796154364649
WA,2008,98.0116117573624
WA,2009,100.70233539084616
WA,2010,87.92887386084726
WA,2011,82.46782662909132
WA,2012,84.12954993518791
WA,2013,83.58496772607877
WA,2014,79.86503502820123
WA,2015,76.11423559660292
WA,2016,77.5384193194292
WI,1995,105.09467109115752
WI,1996,96.55038759689923
WI,1997,100.85106382978724
WI,1998,85.64318529862175
WI,1999,84.73565864690352
WI,2000,84.58752627629377
WI,2001,82.20576339353678
WI,2002,86.64093481763305
WI,2003,80.32091832913493
WI,2004,73.89798516698274
WI,2005,82.40400430997366
WI,2006,100.13486892662404
WI,2007,97.8284930841682
WI,2008,91.73827778307869
WI,2009,86.72318292472873
WI,2010,79.34417715467494
WI,2011,80.56263543498481
WI,2012,81.96271709551522
WI,2013,84.17272438064529
WI,2014,88.56776154315217
WI,2015,90.74373978287731
WI,2016,81.43688866092559
WV,1995,42.72428884026258
WV,1996,40.36144578313253
WV,1997,43.06167400881057
WV,1998,37.32744340143567
WV,1999,36.58142438436949
WV,2000,41.41911052321903
WV,2001,39.25651383278502
WV,2002,36.401231325669684
WV,2003,38.698494015810624
WV,2004,42.7023174006978
WV,2005,44.98140382771902
WV,2006,46.90756515092358
WV,2007,46.74302648679523
WV,2008,49.380865355575295
WV,2009,50.225934276562455
WV,2010,41.84714145196639
WV,2011,43.23664569887024
WV,2012,44.97274705388112
WV,2013,35.228839093761046
WV,2014,35.4293249875186
WV,2015,42.53000864179358
WV,2016,39.32058399805145
WY,1995,17.916666666666668
WY,1996,20.374220374220375
WY,1997,17.708333333333332
WY,1998,16.216216216216218
WY,1999,15.42946026079958
WY,2000,14.17629642230782
WY,2001,17.012520404897984
WY,2002,18.643626085038992
WY,2003,16.729368605746537
WY,2004,13.244064385920176
WY,2005,15.330248939657782
WY,2006,13.9804739380665
WY,2007,16.066407818985137
WY,2008,16.332875261889207
WY,2009,14.331122420857294
WY,2010,13.63908501223975
WY,2011,12.514188622311211
WY,2012,10.57878070014186
WY,2013,12.688114151876727
WY,2014,9.070620772748432
WY,2015,10.058732770157956
WY,2016,10.076840176190988
